;vars;n;mean;sd;median;trimmed;mad;min;max;range;skew;kurtosis;se;25%;75%;IQR
CODIGOCONVOCATORIA;1;308124;740065.7193;133855.0418;737744;739713.5754;170688.7728;431034;984535;553501;0.01880941;-1.182575786;241.1415069;624532.75;854911.5;230378.75
N_ITEM;2;308124;5.205654217;333.7692757;1;1.083148073;0;1;123456;123455;341.6469026;123241.8121;0.601289462;1;1;0
CANTIDAD_ADJUDICADO_ITEM;3;308124;53293.06862;1582171.778;1;905.1601348;0;0;4.56E+08;4.56E+08;123.773723;26248.27767;2850.30195;1;560;559
MONTO_REFERENCIAL_ITEM;4;308124;838651.0256;7664516.262;137016;226793.7826;126221.1732;0;1792432243;1792432243;83.54225093;13530.11972;13807.72047;67520;358864.2975;291344.2975
MONTO_ADJUDICADO_ITEM;5;308124;756836.8914;7172505.762;123197.8;205191.6795;111683.9615;0;1792432243;1792432243;93.89839145;16775.33261;12921.35749;62864.69;324600.78;261736.09
FECHA_CONVOCATORIA;6;308124;44422.39169;514.6628415;44440;44426.58684;610.8312;43467;45291;1824;-0.056377192;-1.184073668;0.927171449;44025;44848;823
FECHA_BUENAPRO;7;308124;44445.0397;647.1416922;44467;44453.30183;616.7616;1;45297;45296;-25.25068489;1730.50202;1.165833731;44046;44875;829
FECHA_CONSENTIMIENTO_BP;8;307824;43857.87764;5146.1296;44464;44448.66822;624.1746;1;45309;45308;-8.319786972;67.94678476;9.275332363;44029;44876;847
