;vars;n;mean;sd;median;trimmed;mad;min;max;range;skew;kurtosis;se;25%;75%;IQR
CODIGOCONVOCATORIA;1;306491;740171.7845;133939.5002;738006;739846.5599;170831.1024;431034;984535;553501;0.017117396;-1.183832356;241.9356183;624581;855145.5;230564.5
N_ITEM;2;306491;5.149720546;334.6085125;1;1.081723377;0;1;123456;123455;340.8893653;122660.3259;0.604405103;1;1;0
MONTO_REFERENCIAL_ITEM;3;306491;827165.7087;7607012.193;136691.45;225991.3663;125808.1728;0;1792432243;1792432243;85.50157729;14009.03178;13740.58583;67500;357776.735;290276.735
FECHA_CONVOCATORIA;4;306491;44422.77407;515.0089555;44440;44427.07204;610.8312;43467;45291;1824;-0.058065549;-1.185227587;0.930263365;44025;44848;823
FECHAINTEGRACIONBASES;5;306491;26792.70702;21748.03259;43789.20833;27844.27209;1866.5934;1.214305556;45288.20833;45286.99403;-0.419439729;-1.822619312;39.28358479;1.214305556;44642.20833;44640.99403
FECHAPRESENTACIONPROPUESTA;6;306491;43870.57503;5014.231151;44441.20833;44430.59834;621.2094;1.214305556;45295.20833;45293.99403;-8.542869628;71.78516976;9.057231901;44021.20833;44858.20833;837
