;vars;n;mean;sd;median;trimmed;mad;min;max;range;skew;kurtosis;se;25%;75%;IQR
CODIGO_CONVOCATORIA;1;858155;717206.3143;124863.1998;711127;713404.7757;145758.8538;431034;984505;553471;0.192931583;-0.983195591;134.7881124;619592;815673;196081
FECHACONVOCATORIA;2;858155;44337.22181;483.1090655;44323.20833;44327.09783;564.8706;43467.20833;45291.20833;1824;0.109096668;-1.02627723;0.521509613;43997.20833;44720.20833;723
N_ITEM;3;858155;3.632130559;231.3958024;1;1.03983686;0;1;123456;123455;409.8593813;199491.318;0.249788597;1;1;0
FECHA_PRESENTACION_PROPUESTA;4;858155;44352.8357;480.8844228;44337;44343.68166;551.5272;42710;45296;2586;0.098880027;-1.023943572;0.519108142;44020;44739;719
